BIRDS,PARROT
BIRDS,FLAMINGO
BIRDS,RAVEN
BIRDS,CROW
BIRDS,CANARY
BIRDS,DUCK
BIRDS,VULTURE
BIRDS,CHICKEN
BIRDS,SPARROW
BIRDS,HAWK
BIRDS,FALCON
BIRDS,SEAGULL
BIRDS,PARAKEET
BIRDS,PENGUIN
BIRDS,PIGEON
BIRDS,WOODPECKER
BIRDS,OSTRICH
BIRDS,FINCH
BIRDS,DOVE
BIRDS,OWL
BIRDS,HUMMINGBIRD
BODY PARTS,KNEE
BODY PARTS,ELBOW
BODY PARTS,TONGUE
BODY PARTS,BACK
BODY PARTS,FACE
BODY PARTS,NECK
BODY PARTS,THIGH
BODY PARTS,TEETH
BODY PARTS,TORSO
BODY PARTS,WRIST
BODY PARTS,LIPS
BODY PARTS,STOMACH
BODY PARTS,SHOULDER
BODY PARTS,HEART
BODY PARTS,ANKLE
BODY PARTS,BONE
BODY PARTS,CHEST
BODY PARTS,MOUTH
BODY PARTS,EAR
BODY PARTS,HIP
BUILDING PARTS,CELLAR
BUILDING PARTS,BATHROOM
BUILDING PARTS,CEILING
BUILDING PARTS,ENTRANCE
BUILDING PARTS,ELEVATOR
BUILDING PARTS,ROOF
BUILDING PARTS,OFFICE
BUILDING PARTS,FOUNDATION
BUILDING PARTS,WING
BUILDING PARTS,HALLWAY
BUILDING PARTS,BASEMENT
BUILDING PARTS,RAFTERS
BUILDING PARTS,ROOM
BUILDING PARTS,ATTIC
BUILDING PARTS,LOBBY
CAR MODELS,LEXUS
CAR MODELS,LAMBORGHINI
CAR MODELS,SAAB
CAR MODELS,VOLKSWAGEN
CAR MODELS,CHRYSLER
CAR MODELS,DODGE
CAR MODELS,MAZDA
CAR MODELS,CADILLAC
CAR MODELS,CORVETTE
CAR MODELS,SUBARU
CAR MODELS,HYUNDAI
CAR MODELS,MITSUBISHI
CAR MODELS,FERRARI
CAR MODELS,AUDI
CAR MODELS,PORSCHE
CAR MODELS,VOLVO
CAR MODELS,NISSAN
CAR MODELS,ACURA
CAR MODELS,CIVIC
CARPENTRY TOOLS,WRENCH
CARPENTRY TOOLS,PENCIL
CARPENTRY TOOLS,SCREWDRIVER
CARPENTRY TOOLS,SANDPAPER
CARPENTRY TOOLS,CHISEL
CARPENTRY TOOLS,DRILL
CARPENTRY TOOLS,VISE
CARPENTRY TOOLS,LEVEL
CARPENTRY TOOLS,RULER
CARPENTRY TOOLS,SANDER
CARPENTRY TOOLS,SCREW
CITIES,SEATTLE
CITIES,ORLANDO
CITIES,TAMPA
CITIES,DENVER
CITIES,PHILADELPHIA
CITIES,BOSTON
CITIES,MIAMI
CITIES,GREENSBORO
CITIES,HOUSTON
CITIES,BALTIMORE
CITIES,DETROIT
CITIES,CHICAGO
CITIES,DALLAS
CITIES,RALEIGH
CITIES,ATLANTA
CLOTHES,SHORTS
CLOTHES,DRESS
CLOTHES,SWEATER
CLOTHES,TIE
CLOTHES,HAT
CLOTHES,PAJAMAS
CLOTHES,RAINCOAT
CLOTHES,SCARF
CLOTHES,VEST
CLOTHES,BELT
CLOTHES,JACKET
CLOTHES,SKIRT
CLOTHES,ROBE
CLOTHES,BLOUSE
COLORS,MAUVE
COLORS,SCARLET
COLORS,VIOLET
COLORS,TEAL
COLORS,AQUA
COLORS,MAGENTA
COLORS,GRAY
COLORS,INDIGO
COLORS,FUCHSIA
COLORS,MAROON
COLORS,LAVENDER
COLORS,BROWN
COLORS,TAN
COLORS,BEIGE
COLORS,CHARTREUSE
COLORS,CRIMSON
COUNTRIES,JAPAN
COUNTRIES,AUSTRALIA
COUNTRIES,SWEDEN
COUNTRIES,IRELAND
COUNTRIES,SWITZERLAND
COUNTRIES,CHINA
COUNTRIES,SPAIN
COUNTRIES,CHILE
COUNTRIES,PORTUGAL
COUNTRIES,SCOTLAND
COUNTRIES,ITALY
COUNTRIES,ARGENTINA
COUNTRIES,GERMANY
COUNTRIES,ENGLAND
COUNTRIES,IRAQ
COUNTRIES,BRAZIL
COUNTRIES,AFGHANISTAN
COUNTRIES,INDIA
COUNTRIES,GREECE
COUNTRIES,ISRAEL
COUNTRIES,PERU
COUNTRIES,EGYPT
COUNTRIES,RUSSIA
DWELLINGS,HOTEL
DWELLINGS,HUT
DWELLINGS,IGLOO
DWELLINGS,TEPEE
DWELLINGS,SHACK
DWELLINGS,CONDOMINIUM
DWELLINGS,DORMITORY
DWELLINGS,CABIN
DWELLINGS,TRAILER
DWELLINGS,TOWNHOUSE
DWELLINGS,CASTLE
DWELLINGS,MANSION
DWELLINGS,ADOBE
DWELLINGS,TENT
DWELLINGS,BUNGALOW
ELEMENTS,NEON
ELEMENTS,SULFUR
ELEMENTS,COPPER
ELEMENTS,SODIUM
ELEMENTS,LITHIUM
ELEMENTS,NICKEL
ELEMENTS,MERCURY
ELEMENTS,IRON
ELEMENTS,ZINC
ELEMENTS,CALCIUM
ELEMENTS,NITROGEN
ELEMENTS,BORON
ELEMENTS,LEAD
ELEMENTS,CHLORINE
ELEMENTS,CARBON
ELEMENTS,HELIUM
ELEMENTS,FLUORINE
ELEMENTS,POTASSIUM
ELEMENTS,MAGNESIUM
ELEMENTS,ALUMINUM
FABRICS,NYLON
FABRICS,SATIN
FABRICS,SUEDE
FABRICS,LINEN
FABRICS,SPANDEX
FABRICS,LEATHER
FABRICS,VELVET
FABRICS,DENIM
FABRICS,FLEECE
FABRICS,RAYON
FABRICS,CASHMERE
FABRICS,LACE
FABRICS,CLOTH
FABRICS,FLANNEL
FISH,SWORDFISH
FISH,GOLDFISH
FISH,SHARK
FISH,SNAPPER
FISH,ANGELFISH
FISH,CATFISH
FISH,MARLIN
FISH,TUNA
FISH,HALIBUT
FISH,BLOWFISH
FISH,CARP
FISH,PIRANHA
FISH,FLOUNDER
FISH,COD
FISH,HERRING
FOUR-FOOTED ANIMALS,CHEETAH
FOUR-FOOTED ANIMALS,SHEEP
FOUR-FOOTED ANIMALS,MOOSE
FOUR-FOOTED ANIMALS,RACCOON
FOUR-FOOTED ANIMALS,WOLF
FOUR-FOOTED ANIMALS,RAT
FOUR-FOOTED ANIMALS,ELK
FOUR-FOOTED ANIMALS,GOAT
FOUR-FOOTED ANIMALS,ELEPHANT
FOUR-FOOTED ANIMALS,LIZARD
FOUR-FOOTED ANIMALS,GIRAFFE
FOUR-FOOTED ANIMALS,BEAR
FOUR-FOOTED ANIMALS,TIGER
FOUR-FOOTED ANIMALS,DEER
FOUR-FOOTED ANIMALS,ZEBRA
FOUR-FOOTED ANIMALS,FOX
FOUR-FOOTED ANIMALS,HAMSTER
FOUR-FOOTED ANIMALS,DONKEY
FOUR-FOOTED ANIMALS,MOUSE
FOUR-FOOTED ANIMALS,RABBIT
FOUR-FOOTED ANIMALS,SQUIRREL
FOUR-FOOTED ANIMALS,COW
FOUR-FOOTED ANIMALS,PIG
FOUR-FOOTED ANIMALS,TURTLE
FRUIT,GRAPEFRUIT
FRUIT,PLUM
FRUIT,BLUEBERRY
FRUIT,LEMON
FRUIT,LIME
FRUIT,WATERMELON
FRUIT,MELON
FRUIT,GRAPE
FRUIT,KIWI
FRUIT,PINEAPPLE
FRUIT,MANGO
FRUIT,HONEYDEW
FRUIT,STRAWBERRY
FRUIT,TANGERINE
FRUIT,PEAR
FRUIT,PAPAYA
FRUIT,APRICOT
FRUIT,RASPBERRY
FRUIT,NECTARINE
FRUIT,CANTALOUPE
FURNITURE,OTTOMAN
FURNITURE,FUTON
FURNITURE,DRESSER
FURNITURE,CABINET
FURNITURE,LOVESEAT
FURNITURE,SOFA
FURNITURE,LAMP
FURNITURE,ARMOIRE
FURNITURE,STOOL
FURNITURE,BOOKCASE
FURNITURE,NIGHTSTAND
FURNITURE,RECLINER
GEOGRAPHY TERMS,OCEAN
GEOGRAPHY TERMS,PLAIN
GEOGRAPHY TERMS,RIVER
GEOGRAPHY TERMS,STREAM
GEOGRAPHY TERMS,CAVE
GEOGRAPHY TERMS,CLIFF
GEOGRAPHY TERMS,GLACIER
GEOGRAPHY TERMS,PLATEAU
GEOGRAPHY TERMS,VALLEY
GEOGRAPHY TERMS,CANYON
GEOGRAPHY TERMS,ISLAND
GEOGRAPHY TERMS,WATERFALL
GEOGRAPHY TERMS,DESERT
GEOGRAPHY TERMS,HILL
GEOGRAPHY TERMS,VOLCANO
GEOGRAPHY TERMS,LAKE
INSECTS,MOSQUITO
INSECTS,BEETLE
INSECTS,COCKROACH
INSECTS,CENTIPEDE
INSECTS,GRASSHOPPER
INSECTS,SPIDER
INSECTS,DRAGONFLY
INSECTS,FLEA
INSECTS,GNAT
INSECTS,WASP
INSECTS,MOTH
INSECTS,CATERPILLAR
INSECTS,BEE
INSECTS,HORNET
INSECTS,BUTTERFLY
INSTRUMENTS,CLARINET
INSTRUMENTS,CYMBAL
INSTRUMENTS,OBOE
INSTRUMENTS,PICCOLO
INSTRUMENTS,HARP
INSTRUMENTS,TAMBOURINE
INSTRUMENTS,KEYBOARD
INSTRUMENTS,TROMBONE
INSTRUMENTS,VIOLA
INSTRUMENTS,TUBA
INSTRUMENTS,BANJO
KITCHEN TOOLS,BLENDER
KITCHEN TOOLS,TONGS
KITCHEN TOOLS,WHISK
KITCHEN TOOLS,SKILLET
KITCHEN TOOLS,TOASTER
KITCHEN TOOLS,LADLE
KITCHEN TOOLS,POT
KITCHEN TOOLS,STOVE
KITCHEN TOOLS,STRAINER
KITCHEN TOOLS,MIXER
MUSIC STYLES,PUNK
MUSIC STYLES,SOUL
MUSIC STYLES,BLUEGRASS
MUSIC STYLES,OPERA
MUSIC STYLES,ALTERNATIVE
MUSIC STYLES,REGGAE
MUSIC STYLES,GOSPEL
MUSIC STYLES,TECHNO
MUSIC STYLES,BLUES
MUSIC STYLES,POP
OCCUPATIONS,EXECUTIVE
OCCUPATIONS,ENGINEER
OCCUPATIONS,PHYSICIST
OCCUPATIONS,NURSE
OCCUPATIONS,JANITOR
OCCUPATIONS,ACCOUNTANT
OCCUPATIONS,PHARMACIST
OCCUPATIONS,PLUMBER
OCCUPATIONS,SCIENTIST
OCCUPATIONS,ATHLETE
OCCUPATIONS,COOK
OCCUPATIONS,PSYCHOLOGIST
OCCUPATIONS,CARPENTER
OCCUPATIONS,MECHANIC
OCCUPATIONS,BANKER
OCCUPATIONS,FIREFIGHTER
OCCUPATIONS,STUDENT
OCCUPATIONS,ELECTRICIAN
OCCUPATIONS,GROCER
OCCUPATIONS,PROFESSOR
OCCUPATIONS,FARMER
OCCUPATIONS,DENTIST
OCCUPATIONS,ARCHITECT
PRECIOUS STONES,OPAL
PRECIOUS STONES,JADE
PRECIOUS STONES,ONYX
PRECIOUS STONES,QUARTZ
PRECIOUS STONES,GARNET
PRECIOUS STONES,PEARL
PRECIOUS STONES,TOPAZ
PRECIOUS STONES,AMETHYST
PRECIOUS STONES,SAPPHIRE
READING MATERIALS,BOOKLET
READING MATERIALS,JOURNAL
READING MATERIALS,LETTER
READING MATERIALS,ENCYCLOPEDIA
READING MATERIALS,PAMPHLET
READING MATERIALS,BULLETIN
READING MATERIALS,BROCHURE
READING MATERIALS,LEAFLET
SCIENCES,ANATOMY
SCIENCES,VIROLOGY
SCIENCES,PHYSIOLOGY
SCIENCES,ARCHAEOLOGY
SCIENCES,OCEANOGRAPHY
SCIENCES,GEOLOGY
SCIENCES,SOCIOLOGY
SCIENCES,ANTHROPOLOGY
SCIENCES,ASTRONOMY
SCIENCES,BOTANY
SCIENCES,KINESIOLOGY
SCIENCES,BIOCHEMISTRY
SCIENCES,MICROBIOLOGY
SEASONINGS,PARSLEY
SEASONINGS,VANILLA
SEASONINGS,KETCHUP
SEASONINGS,OREGANO
SEASONINGS,CINNAMON
SEASONINGS,VINEGAR
SEASONINGS,BASIL
SEASONINGS,NUTMEG
SEASONINGS,THYME
SEASONINGS,TABASCO
SEASONINGS,GARLIC
SEASONINGS,SUGAR
SEASONINGS,PAPRIKA
SEASONINGS,HERBS
SEASONINGS,CURRY
SHIPS,SCHOONER
SHIPS,CANOE
SHIPS,BATTLESHIP
SHIPS,DINGHY
SHIPS,SUBMARINE
SHIPS,FERRY
SHIPS,TUGBOAT
SHIPS,STEAMSHIP
SHIPS,YACHT
SHIPS,RAFT
SHIPS,BARGE
SHIPS,PONTOON
SHIPS,MOTORBOAT
SHIPS,ROWBOAT
SHIPS,KAYAK
SOURCES OF FUEL,METHANE
SOURCES OF FUEL,PETROL
SOURCES OF FUEL,STEAM
SOURCES OF FUEL,ELECTRICITY
SOURCES OF FUEL,BUTANE
SOURCES OF FUEL,NUCLEAR
SOURCES OF FUEL,OIL
SOURCES OF FUEL,KEROSENE
SOURCES OF FUEL,PROPANE
SOURCES OF FUEL,COAL
SOURCES OF FUEL,SOLAR
SOURCES OF FUEL,WATER
SOURCES OF FUEL,AIR
SPORTS,WRESTLING
SPORTS,SOFTBALL
SPORTS,RACQUETBALL
SPORTS,TRACK
SPORTS,BOWLING
SPORTS,RUGBY
SPORTS,GOLF
SPORTS,BOXING
SPORTS,BADMINTON
SPORTS,SKIING
SPORTS,SWIMMING
SPORTS,LACROSSE
SPORTS,VOLLEYBALL
STATES,WYOMING
STATES,IOWA
STATES,MINNESOTA
STATES,OKLAHOMA
STATES,CONNECTICUT
STATES,MISSISSIPPI
STATES,IDAHO
STATES,TENNESSEE
STATES,KANSAS
STATES,MICHIGAN
STATES,NEBRASKA
STATES,VERMONT
STATES,LOUISIANA
STATES,WISCONSIN
STATES,MISSOURI
STATES,HAWAII
STATES,KENTUCKY
STATES,INDIANA
STATES,MONTANA
TOYS,PUZZLE
TOYS,DOLL
TOYS,KITE
TOYS,BALL
TOYS,NINTENDO
TRANSPORTATION,SUBWAY
TRANSPORTATION,BOAT
TRANSPORTATION,MOTORCYCLE
TRANSPORTATION,HELICOPTER
TRANSPORTATION,JEEP
TRANSPORTATION,TAXI
TRANSPORTATION,SKATEBOARD
TRANSPORTATION,BICYCLE
TRANSPORTATION,CART
TRANSPORTATION,MOPED
TRANSPORTATION,VAN
TRANSPORTATION,TRAIN
TRANSPORTATION,SCOOTER
TRANSPORTATION,JET
TRANSPORTATION,TRACTOR
TRANSPORTATION,TROLLEY
TRANSPORTATION,CARRIAGE
TRANSPORTATION,WAGON
TRANSPORTATION,STREETCAR
TREES,WILLOW
TREES,ELM
TREES,MAPLE
TREES,REDWOOD
TREES,EVERGREEN
TREES,SYCAMORE
TREES,DOGWOOD
TREES,BEECH
TREES,ASPEN
TREES,SEQUOIA
TREES,EUCALYPTUS
TREES,BIRCH
TREES,HEMLOCK
TREES,CEDAR
VEGETABLES,BEETS
VEGETABLES,CUCUMBER
VEGETABLES,EGGPLANT
VEGETABLES,ONION
VEGETABLES,CABBAGE
VEGETABLES,ARTICHOKE
VEGETABLES,TURNIP
VEGETABLES,SQUASH
VEGETABLES,ASPARAGUS
VEGETABLES,SPINACH
VEGETABLES,POTATO
VEGETABLES,CORN
VEGETABLES,RADISH
VEGETABLES,CELERY
VEGETABLES,BROCCOLI
VEGETABLES,ZUCCHINI
VEGETABLES,PEAS
VEGETABLES,CAULIFLOWER
WEATHER TERMS,TYPHOON
WEATHER TERMS,BLIZZARD
WEATHER TERMS,THUNDER
WEATHER TERMS,CLOUDS
WEATHER TERMS,FLOOD
WEATHER TERMS,SUNSHINE
WEATHER TERMS,MONSOON
WEATHER TERMS,TSUNAMI
WEATHER TERMS,DROUGHT
WEATHER TERMS,SNOW
WEATHER TERMS,LIGHTNING
WEATHER TERMS,EARTHQUAKE
WEATHER TERMS,HAIL
WEATHER TERMS,SLEET
WEATHER TERMS,WIND
WEATHER TERMS,RAIN