BEVERAGES,ROOT BEER
BEVERAGES,SODA
BEVERAGES,FRUIT PUNCH
BEVERAGES,APPLE JUICE
BEVERAGES,COFFEE
BEVERAGES,GINGER ALE
BEVERAGES,MILK
BEVERAGES,ICED TEA
BOY NAMES,CHUCK
BOY NAMES,RON
BOY NAMES,STEPHEN
BOY NAMES,GARY
BOY NAMES,LARRY
BOY NAMES,TYLER
BOY NAMES,MICHAEL
BOY NAMES,ZACH
BOY NAMES,PHIL
BOY NAMES,PETER
BOY NAMES,JUSTIN
BOY NAMES,ANDREW
BOY NAMES,RYAN
BOY NAMES,ALEX
BOY NAMES,AARON
BOY NAMES,ROB
BOY NAMES,JAMES
BOY NAMES,JAKE
BOY NAMES,DANIEL
BOY NAMES,KYLE
BOY NAMES,GREG
BOY NAMES,NATE
BOY NAMES,BEN
BOY NAMES,BRUCE
BOY NAMES,NICK
BOY NAMES,BRAD
BOY NAMES,PAUL
BOY NAMES,JOSH
BOY NAMES,SEAN
BOY NAMES,BRANDON
BOY NAMES,SAM
BOY NAMES,JACK
BOY NAMES,TERRY
BOY NAMES,WILLIAM
BOY NAMES,GEORGE
BOY NAMES,JASON
BOY NAMES,KEN
BOY NAMES,ERIC
BOY NAMES,ED
BOY NAMES,JEFF
BOY NAMES,JIM
BOY NAMES,ADAM
BOY NAMES,KEVIN
BOY NAMES,SCOTT
BOY NAMES,TONY
COLLEGES,USC
COLLEGES,DARTMOUTH
COLLEGES,NORTHWESTERN
COLLEGES,FLORIDA STATE
COLLEGES,MIT
COLLEGES,NYU
COLLEGES,COLUMBIA
COLLEGES,PENN STATE
COLLEGES,CAL TECH
COLLEGES,DUKE
COLLEGES,CORNELL
COLLEGES,LOYOLA
COLLEGES,UCLA
COLLEGES,UC BERKELEY
COLLEGES,YALE
COLLEGES,COLGATE
COLLEGES,GEORGETOWN
COLLEGES,GEORGIA TECH
COLLEGES,U CHICAGO
COLLEGES,PURDUE
COLLEGES,UNIVERSITY OF MICHIGAN
COLLEGES,TULANE
COLLEGES,VASSAR
COLLEGES,WILLIAM AND MARY
COLLEGES,WASH U
COLLEGES,BUCKNELL
CURRENCIES,EURO
CURRENCIES,RUBLE
CURRENCIES,LIRA
CURRENCIES,FRANC
CURRENCIES,PESO
CURRENCIES,POUND
CURRENCIES,YEN
CURRENCIES,DEUTSCHMARK
DANCES,MERENGUE
DANCES,POLKA
DANCES,CHA CHA
DANCES,SAMBA
DANCES,MAMBO
DANCES,SALSA
DANCES,BALLROOM
DANCES,MACARENA
DANCES,BREAK DANCE
DANCES,LINE DANCE
DANCES,JITTERBUG
DANCES,TANGO
DANCES,BALLET
DANCES,ELECTRIC SLIDE
DANCES,SWING
DANCES,FOXTROT
DANCES,TWO STEP
DANCES,SQUARE DANCE
DANCES,WALTZ
DANCES,RUMBA
DANCES,TAP DANCE
FLOWERS,DAFFODIL
FLOWERS,MAGNOLIA
FLOWERS,LILY
FLOWERS,MARIGOLD
FLOWERS,DANDELION
FLOWERS,AZALEA
FLOWERS,PANSY
FLOWERS,IRIS
FLOWERS,PETUNIA
FLOWERS,HYACINTH
FLOWERS,GLADIOLA
FLOWERS,GERANIUM
FLOWERS,ORCHID
FLOWERS,POPPY
FLOWERS,PEONY
FLOWERS,GARDENIA
FLOWERS,CHRYSANTHEMUM
FLOWERS,CARNATION
FLOWERS,SUNFLOWER
FOOTBALL TEAMS,BILLS
FOOTBALL TEAMS,REDSKINS
FOOTBALL TEAMS,BUCCANEERS
FOOTBALL TEAMS,CHARGERS
FOOTBALL TEAMS,TITANS
FOOTBALL TEAMS,TEXANS
FOOTBALL TEAMS,GIANTS
FOOTBALL TEAMS,SAINTS
FOOTBALL TEAMS,STEELERS
FOOTBALL TEAMS,PATRIOTS
FOOTBALL TEAMS,VIKINGS
FOOTBALL TEAMS,JETS
FOOTBALL TEAMS,BENGALS
FOOTBALL TEAMS,DOLPHINS
FOOTBALL TEAMS,CHIEFS
FOOTBALL TEAMS,COLTS
FOOTWEAR,CLOGS
FOOTWEAR,MOCCASINS
FOOTWEAR,PLATFORMS
FOOTWEAR,ICE SKATES
FOOTWEAR,HIGH HEELS
FOOTWEAR,LOAFERS
FOOTWEAR,RUNNING SHOES
FOOTWEAR,FLIP FLOPS
FOOTWEAR,HIKING BOOTS
FOOTWEAR,TENNIS SHOES
FOOTWEAR,FLATS
FOOTWEAR,SLIPPERS
FOOTWEAR,SNOWSHOES
FOOTWEAR,SNEAKERS
FOOTWEAR,CLEATS
FOOTWEAR,GALOSHES
FOOTWEAR,PUMPS
GARDEN TOOLS,LAWNMOWER
GARDEN TOOLS,WHEEL BARROW
GARDEN TOOLS,TROWEL
GARDEN TOOLS,HOSE
GARDEN TOOLS,SPADE
GARDEN TOOLS,CLIPPERS
GARDEN TOOLS,SEEDS
GARDEN TOOLS,WATERING CAN
GARDEN TOOLS,BUCKET
GARDEN TOOLS,PITCHFORK
GARDEN TOOLS,PLOW
GARDEN TOOLS,SOIL
GIRL NAMES,CAROL
GIRL NAMES,MEGAN
GIRL NAMES,LINDA
GIRL NAMES,DANIELLE
GIRL NAMES,COURTNEY
GIRL NAMES,JOAN
GIRL NAMES,EMILY
GIRL NAMES,REBECCA
GIRL NAMES,BARBARA
GIRL NAMES,AMY
GIRL NAMES,LINDSAY
GIRL NAMES,KIM
GIRL NAMES,ALICE
GIRL NAMES,ASHLEY
GIRL NAMES,MELISSA
GIRL NAMES,SUSAN
GIRL NAMES,RACHEL
GIRL NAMES,HEATHER
GIRL NAMES,JULIE
GIRL NAMES,DIANNE
GIRL NAMES,LISA
GIRL NAMES,LYNNE
GIRL NAMES,LAURA
GIRL NAMES,NICOLE
GIRL NAMES,KATHERINE
GIRL NAMES,SALLY
GIRL NAMES,SHARON
GIRL NAMES,KRISTEN
GIRL NAMES,STACY
GIRL NAMES,ELIZABETH
GIRL NAMES,NANCY
GIRL NAMES,MICHELLE
GIRL NAMES,KAREN
GIRL NAMES,ERIN
GIRL NAMES,KELLY
GIRL NAMES,BETTY
GIRL NAMES,SAMANTHA
GIRL NAMES,BETH
GIRL NAMES,AMANDA
GIRL NAMES,JENNY
GIRL NAMES,STEPHANIE
GIRL NAMES,ALLISON
GIRL NAMES,JANE
GIRL NAMES,ANNA
MEMBERS OF THE CLERGY,RABBI
MEMBERS OF THE CLERGY,BISHOP
MEMBERS OF THE CLERGY,REVEREND
MEMBERS OF THE CLERGY,ELDER
MEMBERS OF THE CLERGY,RECTOR
MEMBERS OF THE CLERGY,DEACON
MEMBERS OF THE CLERGY,PREACHER
MEMBERS OF THE CLERGY,CHAPLAIN
MEMBERS OF THE CLERGY,MONK
MEMBERS OF THE CLERGY,NUN
MEMBERS OF THE CLERGY,PARSON
MEMBERS OF THE CLERGY,VICAR
MEMBERS OF THE CLERGY,ABBOT
MEMBERS OF THE CLERGY,FRIAR
MEMBERS OF THE CLERGY,MINISTER
MEMBERS OF THE CLERGY,ARCHBISHOP
MEMBERS OF THE CLERGY,PASTOR
MILITARY TITLES,CAPTAIN
MILITARY TITLES,COLONEL
MILITARY TITLES,ADMIRAL
MILITARY TITLES,MASTER SERGEANT
MILITARY TITLES,SECOND LIEUTENANT
MILITARY TITLES,COMMANDER
MILITARY TITLES,COMMODORE
MILITARY TITLES,OFFICER
MILITARY TITLES,CORPORAL
MILITARY TITLES,CADET
MILITARY TITLES,MARSHAL
MILITARY TITLES,BOATSWAIN
MILITARY TITLES,PRIVATE
MILITARY TITLES,MAJOR
MILITARY TITLES,SOLDIER
MILITARY TITLES,AIRMAN
MILITARY TITLES,MIDSHIPMAN
NATURAL EARTH FORMATIONS,GORGE
PARTS OF A BUILDING,CLOSET
PARTS OF A BUILDING,STAIRWAY
PARTS OF SPEECH,SUBJECT
PARTS OF SPEECH,PARTICIPLE
PARTS OF SPEECH,INTERJECTION
PARTS OF SPEECH,PRONOUN
PARTS OF SPEECH,DIRECT OBJECT
PARTS OF SPEECH,GERUND
PARTS OF SPEECH,CONJUNCTION
PARTS OF SPEECH,WORD
PARTS OF SPEECH,CLAUSE
PARTS OF SPEECH,ADVERB
PARTS OF SPEECH,PREPOSITION
RELATIVES,NIECE
RELATIVES,STEPFATHER
RELATIVES,SISTER-IN-LAW
RELATIVES,HALF SISTER
RELATIVES,GRANDMOTHER
RELATIVES,SECOND COUSIN
RELATIVES,SON
RELATIVES,NEPHEW
RELATIVES,DAUGHTER
RELATIVES,HUSBAND
RELIGIOUS BUILDINGS,PARISH
RELIGIOUS BUILDINGS,MONASTERY
RELIGIOUS BUILDINGS,MOSQUE
RELIGIOUS BUILDINGS,TABERNACLE
RELIGIOUS BUILDINGS,SHRINE
RELIGIOUS BUILDINGS,CHAPEL
RELIGIOUS BUILDINGS,CATHEDRAL
RELIGIOUS BUILDINGS,BASILICA
RELIGIOUS BUILDINGS,CONVENT
RELIGIOUS BUILDINGS,SANCTUARY
RELIGIOUS BUILDINGS,ABBEY
UNITS OF DISTANCE,MICRON
UNITS OF DISTANCE,NAUTICAL MILE
UNITS OF DISTANCE,NANOMETER
UNITS OF DISTANCE,DECIMETER
UNITS OF DISTANCE,FATHOM
UNITS OF DISTANCE,FURLONG
UNITS OF DISTANCE,LEAGUE
UNITS OF DISTANCE,LIGHT YEAR
UNITS OF TIME,MILLENNIUM
UNITS OF TIME,ERA
UNITS OF TIME,SCORE
UNITS OF TIME,AGE
UNITS OF TIME,FORTNIGHT
UNITS OF TIME,MILLISECOND
UNITS OF TIME,GENERATION
UNITS OF TIME,WEEK
UNITS OF TIME,EON
UNITS OF TIME,CENTURY
UNITS OF TIME,EPOCH
UNITS OF TIME,NANOSECOND